Location,TimeFrame,CHILD_DEEP_POV_PCT
Adair,2005-2009,0.14
Adair,2006-2010,0.1
Adair,2007-2011,0.07
Adair,2008-2012,0.08
Adair,2009-2013,0.06
Adair,2010-2014,0.08
Adair,2011-2015,0.11
Adair,2012-2016,0.12
Adair,2013-2017,0.1
Adair,2014-2018,0.1
Allen,2005-2009,0.12
Allen,2006-2010,0.15
Allen,2007-2011,0.16
Allen,2008-2012,0.18
Allen,2009-2013,0.13
Allen,2010-2014,0.1
Allen,2011-2015,S
Allen,2012-2016,0.07
Allen,2013-2017,0.09
Allen,2014-2018,0.12
Anderson,2005-2009,S
Anderson,2006-2010,S
Anderson,2007-2011,0.09
Anderson,2008-2012,0.08
Anderson,2009-2013,0.08
Anderson,2010-2014,0.1
Anderson,2011-2015,S
Anderson,2012-2016,S
Anderson,2013-2017,0.08
Anderson,2014-2018,0.09
Ballard,2005-2009,0.09
Ballard,2006-2010,S
Ballard,2007-2011,0.12
Ballard,2008-2012,S
Ballard,2009-2013,S
Ballard,2010-2014,0.07
Ballard,2011-2015,0.09
Ballard,2012-2016,0.08
Ballard,2013-2017,0.11
Ballard,2014-2018,0.13
Barren,2005-2009,0.18
Barren,2006-2010,0.15
Barren,2007-2011,0.15
Barren,2008-2012,0.13
Barren,2009-2013,0.13
Barren,2010-2014,0.12
Barren,2011-2015,0.13
Barren,2012-2016,0.12
Barren,2013-2017,0.18
Barren,2014-2018,0.15
Bath,2005-2009,0.21
Bath,2006-2010,0.25
Bath,2007-2011,0.28
Bath,2008-2012,0.23
Bath,2009-2013,0.2
Bath,2010-2014,0.19
Bath,2011-2015,0.15
Bath,2012-2016,0.12
Bath,2013-2017,0.14
Bath,2014-2018,0.1
Bell,2005-2009,0.24
Bell,2006-2010,0.2
Bell,2007-2011,0.21
Bell,2008-2012,0.22
Bell,2009-2013,0.22
Bell,2010-2014,0.23
Bell,2011-2015,0.3
Bell,2012-2016,0.28
Bell,2013-2017,0.3
Bell,2014-2018,0.24
Boone,2005-2009,0.04
Boone,2006-2010,0.04
Boone,2007-2011,0.03
Boone,2008-2012,0.03
Boone,2009-2013,0.04
Boone,2010-2014,0.03
Boone,2011-2015,0.03
Boone,2012-2016,0.03
Boone,2013-2017,0.04
Boone,2014-2018,0.04
Bourbon,2005-2009,0.13
Bourbon,2006-2010,0.08
Bourbon,2007-2011,0.08
Bourbon,2008-2012,0.07
Bourbon,2009-2013,0.07
Bourbon,2010-2014,0.07
Bourbon,2011-2015,0.08
Bourbon,2012-2016,0.13
Bourbon,2013-2017,0.11
Bourbon,2014-2018,S
Boyd,2005-2009,0.16
Boyd,2006-2010,0.14
Boyd,2007-2011,0.15
Boyd,2008-2012,0.15
Boyd,2009-2013,0.15
Boyd,2010-2014,0.13
Boyd,2011-2015,0.16
Boyd,2012-2016,0.12
Boyd,2013-2017,0.14
Boyd,2014-2018,0.15
Boyle,2005-2009,0.09
Boyle,2006-2010,0.1
Boyle,2007-2011,0.1
Boyle,2008-2012,0.11
Boyle,2009-2013,0.12
Boyle,2010-2014,0.08
Boyle,2011-2015,0.07
Boyle,2012-2016,0.06
Boyle,2013-2017,0.04
Boyle,2014-2018,0.03
Bracken,2005-2009,0.12
Bracken,2006-2010,0.1
Bracken,2007-2011,0.09
Bracken,2008-2012,0.12
Bracken,2009-2013,0.09
Bracken,2010-2014,0.07
Bracken,2011-2015,0.1
Bracken,2012-2016,0.1
Bracken,2013-2017,0.11
Bracken,2014-2018,0.1
Breathitt,2005-2009,0.21
Breathitt,2006-2010,0.22
Breathitt,2007-2011,0.22
Breathitt,2008-2012,0.18
Breathitt,2009-2013,0.14
Breathitt,2010-2014,0.14
Breathitt,2011-2015,0.16
Breathitt,2012-2016,0.2
Breathitt,2013-2017,0.24
Breathitt,2014-2018,0.29
Breckinridge,2005-2009,0.12
Breckinridge,2006-2010,0.12
Breckinridge,2007-2011,0.13
Breckinridge,2008-2012,0.16
Breckinridge,2009-2013,0.13
Breckinridge,2010-2014,0.09
Breckinridge,2011-2015,0.07
Breckinridge,2012-2016,0.08
Breckinridge,2013-2017,0.09
Breckinridge,2014-2018,0.09
Bullitt,2005-2009,0.07
Bullitt,2006-2010,0.05
Bullitt,2007-2011,0.06
Bullitt,2008-2012,0.05
Bullitt,2009-2013,0.04
Bullitt,2010-2014,0.04
Bullitt,2011-2015,0.03
Bullitt,2012-2016,0.04
Bullitt,2013-2017,0.04
Bullitt,2014-2018,0.05
Butler,2005-2009,0.12
Butler,2006-2010,0.14
Butler,2007-2011,0.16
Butler,2008-2012,0.17
Butler,2009-2013,0.15
Butler,2010-2014,0.17
Butler,2011-2015,0.16
Butler,2012-2016,0.15
Butler,2013-2017,0.13
Butler,2014-2018,0.14
Caldwell,2005-2009,0.06
Caldwell,2006-2010,S
Caldwell,2007-2011,0.15
Caldwell,2008-2012,0.18
Caldwell,2009-2013,0.16
Caldwell,2010-2014,0.19
Caldwell,2011-2015,0.23
Caldwell,2012-2016,0.16
Caldwell,2013-2017,0.14
Caldwell,2014-2018,0.15
Calloway,2005-2009,0.1
Calloway,2006-2010,0.08
Calloway,2007-2011,0.09
Calloway,2008-2012,0.08
Calloway,2009-2013,0.09
Calloway,2010-2014,0.1
Calloway,2011-2015,0.1
Calloway,2012-2016,0.11
Calloway,2013-2017,0.11
Calloway,2014-2018,0.09
Campbell,2005-2009,0.06
Campbell,2006-2010,0.07
Campbell,2007-2011,0.08
Campbell,2008-2012,0.07
Campbell,2009-2013,0.08
Campbell,2010-2014,0.09
Campbell,2011-2015,0.11
Campbell,2012-2016,0.11
Campbell,2013-2017,0.1
Campbell,2014-2018,0.09
Carlisle,2005-2009,S
Carlisle,2006-2010,S
Carlisle,2007-2011,S
Carlisle,2008-2012,S
Carlisle,2009-2013,S
Carlisle,2010-2014,0.08
Carlisle,2011-2015,S
Carlisle,2012-2016,S
Carlisle,2013-2017,S
Carlisle,2014-2018,S
Carroll,2005-2009,0.12
Carroll,2006-2010,0.21
Carroll,2007-2011,0.19
Carroll,2008-2012,0.26
Carroll,2009-2013,0.3
Carroll,2010-2014,0.27
Carroll,2011-2015,0.25
Carroll,2012-2016,0.3
Carroll,2013-2017,0.29
Carroll,2014-2018,0.26
Carter,2005-2009,0.07
Carter,2006-2010,0.1
Carter,2007-2011,0.11
Carter,2008-2012,0.14
Carter,2009-2013,0.14
Carter,2010-2014,0.16
Carter,2011-2015,0.14
Carter,2012-2016,0.12
Carter,2013-2017,0.14
Carter,2014-2018,0.19
Casey,2005-2009,0.24
Casey,2006-2010,0.22
Casey,2007-2011,0.23
Casey,2008-2012,0.25
Casey,2009-2013,0.18
Casey,2010-2014,0.17
Casey,2011-2015,0.16
Casey,2012-2016,0.14
Casey,2013-2017,0.13
Casey,2014-2018,0.15
Christian,2005-2009,0.17
Christian,2006-2010,0.17
Christian,2007-2011,0.15
Christian,2008-2012,0.14
Christian,2009-2013,0.12
Christian,2010-2014,0.12
Christian,2011-2015,0.11
Christian,2012-2016,0.12
Christian,2013-2017,0.14
Christian,2014-2018,0.13
Clark,2005-2009,0.12
Clark,2006-2010,0.12
Clark,2007-2011,0.13
Clark,2008-2012,0.1
Clark,2009-2013,0.1
Clark,2010-2014,0.1
Clark,2011-2015,0.08
Clark,2012-2016,0.08
Clark,2013-2017,0.07
Clark,2014-2018,0.09
Clay,2005-2009,0.19
Clay,2006-2010,0.21
Clay,2007-2011,0.23
Clay,2008-2012,0.25
Clay,2009-2013,0.24
Clay,2010-2014,0.22
Clay,2011-2015,0.18
Clay,2012-2016,0.21
Clay,2013-2017,0.23
Clay,2014-2018,0.22
Clinton,2005-2009,0.24
Clinton,2006-2010,0.22
Clinton,2007-2011,0.17
Clinton,2008-2012,0.17
Clinton,2009-2013,S
Clinton,2010-2014,S
Clinton,2011-2015,0.08
Clinton,2012-2016,S
Clinton,2013-2017,0.08
Clinton,2014-2018,0.16
Crittenden,2005-2009,S
Crittenden,2006-2010,S
Crittenden,2007-2011,S
Crittenden,2008-2012,0.1
Crittenden,2009-2013,0.07
Crittenden,2010-2014,0.11
Crittenden,2011-2015,0.1
Crittenden,2012-2016,0.12
Crittenden,2013-2017,0.08
Crittenden,2014-2018,0.08
Cumberland,2005-2009,S
Cumberland,2006-2010,0.15
Cumberland,2007-2011,0.19
Cumberland,2008-2012,0.24
Cumberland,2009-2013,0.23
Cumberland,2010-2014,0.22
Cumberland,2011-2015,0.17
Cumberland,2012-2016,S
Cumberland,2013-2017,S
Cumberland,2014-2018,0.13
Daviess,2005-2009,0.1
Daviess,2006-2010,0.1
Daviess,2007-2011,0.09
Daviess,2008-2012,0.1
Daviess,2009-2013,0.11
Daviess,2010-2014,0.12
Daviess,2011-2015,0.13
Daviess,2012-2016,0.13
Daviess,2013-2017,0.12
Daviess,2014-2018,0.11
Edmonson,2005-2009,S
Edmonson,2006-2010,S
Edmonson,2007-2011,S
Edmonson,2008-2012,0.08
Edmonson,2009-2013,S
Edmonson,2010-2014,S
Edmonson,2011-2015,0.06
Edmonson,2012-2016,S
Edmonson,2013-2017,S
Edmonson,2014-2018,S
Elliott,2005-2009,0.24
Elliott,2006-2010,0.25
Elliott,2007-2011,0.22
Elliott,2008-2012,0.23
Elliott,2009-2013,0.21
Elliott,2010-2014,0.27
Elliott,2011-2015,0.26
Elliott,2012-2016,0.3
Elliott,2013-2017,0.24
Elliott,2014-2018,0.21
Estill,2005-2009,0.22
Estill,2006-2010,0.25
Estill,2007-2011,0.27
Estill,2008-2012,0.24
Estill,2009-2013,0.26
Estill,2010-2014,0.19
Estill,2011-2015,0.16
Estill,2012-2016,0.21
Estill,2013-2017,0.18
Estill,2014-2018,0.18
Fayette,2005-2009,0.08
Fayette,2006-2010,0.09
Fayette,2007-2011,0.1
Fayette,2008-2012,0.1
Fayette,2009-2013,0.09
Fayette,2010-2014,0.1
Fayette,2011-2015,0.1
Fayette,2012-2016,0.1
Fayette,2013-2017,0.1
Fayette,2014-2018,0.1
Fleming,2005-2009,S
Fleming,2006-2010,0.1
Fleming,2007-2011,0.08
Fleming,2008-2012,0.08
Fleming,2009-2013,0.13
Fleming,2010-2014,0.11
Fleming,2011-2015,0.15
Fleming,2012-2016,0.15
Fleming,2013-2017,0.13
Fleming,2014-2018,0.11
Floyd,2005-2009,0.18
Floyd,2006-2010,0.25
Floyd,2007-2011,0.24
Floyd,2008-2012,0.24
Floyd,2009-2013,0.22
Floyd,2010-2014,0.24
Floyd,2011-2015,0.25
Floyd,2012-2016,0.25
Floyd,2013-2017,0.25
Floyd,2014-2018,0.28
Franklin,2005-2009,0.08
Franklin,2006-2010,0.1
Franklin,2007-2011,0.1
Franklin,2008-2012,0.12
Franklin,2009-2013,0.13
Franklin,2010-2014,0.11
Franklin,2011-2015,0.13
Franklin,2012-2016,0.14
Franklin,2013-2017,0.1
Franklin,2014-2018,0.09
Fulton,2005-2009,0.36
Fulton,2006-2010,0.37
Fulton,2007-2011,0.35
Fulton,2008-2012,0.31
Fulton,2009-2013,0.2
Fulton,2010-2014,0.16
Fulton,2011-2015,0.17
Fulton,2012-2016,0.18
Fulton,2013-2017,0.18
Fulton,2014-2018,0.25
Gallatin,2005-2009,0.21
Gallatin,2006-2010,0.18
Gallatin,2007-2011,0.14
Gallatin,2008-2012,0.17
Gallatin,2009-2013,0.19
Gallatin,2010-2014,0.09
Gallatin,2011-2015,0.08
Gallatin,2012-2016,S
Gallatin,2013-2017,0.07
Gallatin,2014-2018,0.09
Garrard,2005-2009,0.07
Garrard,2006-2010,0.07
Garrard,2007-2011,0.1
Garrard,2008-2012,0.1
Garrard,2009-2013,0.1
Garrard,2010-2014,0.11
Garrard,2011-2015,0.11
Garrard,2012-2016,0.1
Garrard,2013-2017,0.12
Garrard,2014-2018,0.13
Grant,2005-2009,0.1
Grant,2006-2010,0.1
Grant,2007-2011,0.08
Grant,2008-2012,0.08
Grant,2009-2013,0.1
Grant,2010-2014,0.15
Grant,2011-2015,0.2
Grant,2012-2016,0.2
Grant,2013-2017,0.23
Grant,2014-2018,0.2
Graves,2005-2009,0.1
Graves,2006-2010,0.12
Graves,2007-2011,0.13
Graves,2008-2012,0.11
Graves,2009-2013,0.11
Graves,2010-2014,0.14
Graves,2011-2015,0.12
Graves,2012-2016,0.11
Graves,2013-2017,0.11
Graves,2014-2018,0.11
Grayson,2005-2009,0.21
Grayson,2006-2010,0.16
Grayson,2007-2011,0.17
Grayson,2008-2012,0.16
Grayson,2009-2013,0.18
Grayson,2010-2014,0.15
Grayson,2011-2015,0.13
Grayson,2012-2016,0.1
Grayson,2013-2017,0.09
Grayson,2014-2018,0.08
Green,2005-2009,0.1
Green,2006-2010,0.12
Green,2007-2011,0.16
Green,2008-2012,0.17
Green,2009-2013,0.15
Green,2010-2014,0.13
Green,2011-2015,0.09
Green,2012-2016,0.07
Green,2013-2017,S
Green,2014-2018,S
Greenup,2005-2009,0.12
Greenup,2006-2010,0.13
Greenup,2007-2011,0.12
Greenup,2008-2012,0.12
Greenup,2009-2013,0.12
Greenup,2010-2014,0.13
Greenup,2011-2015,0.13
Greenup,2012-2016,0.16
Greenup,2013-2017,0.13
Greenup,2014-2018,0.11
Hancock,2005-2009,0.13
Hancock,2006-2010,0.11
Hancock,2007-2011,0.09
Hancock,2008-2012,0.07
Hancock,2009-2013,0.08
Hancock,2010-2014,0.11
Hancock,2011-2015,0.14
Hancock,2012-2016,0.15
Hancock,2013-2017,0.17
Hancock,2014-2018,0.17
Hardin,2005-2009,0.07
Hardin,2006-2010,0.09
Hardin,2007-2011,0.12
Hardin,2008-2012,0.12
Hardin,2009-2013,0.13
Hardin,2010-2014,0.12
Hardin,2011-2015,0.1
Hardin,2012-2016,0.08
Hardin,2013-2017,0.08
Hardin,2014-2018,0.07
Harlan,2005-2009,0.22
Harlan,2006-2010,0.21
Harlan,2007-2011,0.24
Harlan,2008-2012,0.23
Harlan,2009-2013,0.21
Harlan,2010-2014,0.2
Harlan,2011-2015,0.19
Harlan,2012-2016,0.2
Harlan,2013-2017,0.21
Harlan,2014-2018,0.24
Harrison,2005-2009,0.07
Harrison,2006-2010,0.11
Harrison,2007-2011,0.13
Harrison,2008-2012,0.15
Harrison,2009-2013,0.13
Harrison,2010-2014,0.12
Harrison,2011-2015,0.11
Harrison,2012-2016,S
Harrison,2013-2017,0.06
Harrison,2014-2018,0.08
Hart,2005-2009,0.11
Hart,2006-2010,0.1
Hart,2007-2011,0.12
Hart,2008-2012,0.14
Hart,2009-2013,0.15
Hart,2010-2014,0.14
Hart,2011-2015,0.12
Hart,2012-2016,0.09
Hart,2013-2017,0.08
Hart,2014-2018,0.11
Henderson,2005-2009,0.11
Henderson,2006-2010,0.11
Henderson,2007-2011,0.1
Henderson,2008-2012,0.1
Henderson,2009-2013,0.13
Henderson,2010-2014,0.13
Henderson,2011-2015,0.12
Henderson,2012-2016,0.13
Henderson,2013-2017,0.11
Henderson,2014-2018,0.1
Henry,2005-2009,0.09
Henry,2006-2010,0.12
Henry,2007-2011,0.19
Henry,2008-2012,0.17
Henry,2009-2013,0.13
Henry,2010-2014,0.16
Henry,2011-2015,0.17
Henry,2012-2016,0.14
Henry,2013-2017,0.14
Henry,2014-2018,0.16
Hickman,2005-2009,S
Hickman,2006-2010,0.09
Hickman,2007-2011,S
Hickman,2008-2012,S
Hickman,2009-2013,0.1
Hickman,2010-2014,S
Hickman,2011-2015,S
Hickman,2012-2016,S
Hickman,2013-2017,S
Hickman,2014-2018,S
Hopkins,2005-2009,0.1
Hopkins,2006-2010,0.12
Hopkins,2007-2011,0.15
Hopkins,2008-2012,0.16
Hopkins,2009-2013,0.13
Hopkins,2010-2014,0.14
Hopkins,2011-2015,0.14
Hopkins,2012-2016,0.12
Hopkins,2013-2017,0.15
Hopkins,2014-2018,0.16
Jackson,2005-2009,0.18
Jackson,2006-2010,0.17
Jackson,2007-2011,0.21
Jackson,2008-2012,0.19
Jackson,2009-2013,0.2
Jackson,2010-2014,0.2
Jackson,2011-2015,0.19
Jackson,2012-2016,0.18
Jackson,2013-2017,0.16
Jackson,2014-2018,0.17
Jefferson,2005-2009,0.12
Jefferson,2006-2010,0.12
Jefferson,2007-2011,0.12
Jefferson,2008-2012,0.12
Jefferson,2009-2013,0.12
Jefferson,2010-2014,0.11
Jefferson,2011-2015,0.11
Jefferson,2012-2016,0.11
Jefferson,2013-2017,0.1
Jefferson,2014-2018,0.1
Jessamine,2005-2009,0.11
Jessamine,2006-2010,0.11
Jessamine,2007-2011,0.13
Jessamine,2008-2012,0.1
Jessamine,2009-2013,0.12
Jessamine,2010-2014,0.12
Jessamine,2011-2015,0.15
Jessamine,2012-2016,0.14
Jessamine,2013-2017,0.14
Jessamine,2014-2018,0.14
Johnson,2005-2009,0.14
Johnson,2006-2010,0.17
Johnson,2007-2011,0.17
Johnson,2008-2012,0.17
Johnson,2009-2013,0.22
Johnson,2010-2014,0.21
Johnson,2011-2015,0.18
Johnson,2012-2016,0.16
Johnson,2013-2017,0.15
Johnson,2014-2018,0.12
Kenton,2005-2009,0.07
Kenton,2006-2010,0.06
Kenton,2007-2011,0.08
Kenton,2008-2012,0.09
Kenton,2009-2013,0.1
Kenton,2010-2014,0.12
Kenton,2011-2015,0.12
Kenton,2012-2016,0.11
Kenton,2013-2017,0.11
Kenton,2014-2018,0.1
Knott,2005-2009,0.2
Knott,2006-2010,0.22
Knott,2007-2011,0.18
Knott,2008-2012,0.15
Knott,2009-2013,0.11
Knott,2010-2014,0.15
Knott,2011-2015,0.21
Knott,2012-2016,0.2
Knott,2013-2017,0.21
Knott,2014-2018,0.26
Knox,2005-2009,0.24
Knox,2006-2010,0.23
Knox,2007-2011,0.22
Knox,2008-2012,0.18
Knox,2009-2013,0.21
Knox,2010-2014,0.19
Knox,2011-2015,0.2
Knox,2012-2016,0.24
Knox,2013-2017,0.23
Knox,2014-2018,0.22
Larue,2005-2009,0.11
Larue,2006-2010,0.17
Larue,2007-2011,0.2
Larue,2008-2012,0.18
Larue,2009-2013,0.19
Larue,2010-2014,0.17
Larue,2011-2015,0.13
Larue,2012-2016,0.14
Larue,2013-2017,0.13
Larue,2014-2018,0.12
Laurel,2005-2009,0.12
Laurel,2006-2010,0.11
Laurel,2007-2011,0.13
Laurel,2008-2012,0.13
Laurel,2009-2013,0.14
Laurel,2010-2014,0.16
Laurel,2011-2015,0.2
Laurel,2012-2016,0.2
Laurel,2013-2017,0.23
Laurel,2014-2018,0.22
Lawrence,2005-2009,0.21
Lawrence,2006-2010,0.18
Lawrence,2007-2011,0.17
Lawrence,2008-2012,0.16
Lawrence,2009-2013,0.11
Lawrence,2010-2014,0.08
Lawrence,2011-2015,0.08
Lawrence,2012-2016,0.08
Lawrence,2013-2017,0.12
Lawrence,2014-2018,0.14
Lee,2005-2009,0.23
Lee,2006-2010,0.33
Lee,2007-2011,0.29
Lee,2008-2012,0.36
Lee,2009-2013,0.34
Lee,2010-2014,0.26
Lee,2011-2015,0.18
Lee,2012-2016,0.3
Lee,2013-2017,0.28
Lee,2014-2018,0.27
Leslie,2005-2009,S
Leslie,2006-2010,S
Leslie,2007-2011,S
Leslie,2008-2012,S
Leslie,2009-2013,0.12
Leslie,2010-2014,0.11
Leslie,2011-2015,0.14
Leslie,2012-2016,0.14
Leslie,2013-2017,0.18
Leslie,2014-2018,0.21
Letcher,2005-2009,0.18
Letcher,2006-2010,0.17
Letcher,2007-2011,0.18
Letcher,2008-2012,0.17
Letcher,2009-2013,0.2
Letcher,2010-2014,0.16
Letcher,2011-2015,0.24
Letcher,2012-2016,0.29
Letcher,2013-2017,0.28
Letcher,2014-2018,0.28
Lewis,2005-2009,0.13
Lewis,2006-2010,0.18
Lewis,2007-2011,0.23
Lewis,2008-2012,0.26
Lewis,2009-2013,0.21
Lewis,2010-2014,0.25
Lewis,2011-2015,0.23
Lewis,2012-2016,0.19
Lewis,2013-2017,0.17
Lewis,2014-2018,0.2
Lincoln,2005-2009,0.06
Lincoln,2006-2010,0.1
Lincoln,2007-2011,0.09
Lincoln,2008-2012,0.15
Lincoln,2009-2013,0.15
Lincoln,2010-2014,0.18
Lincoln,2011-2015,0.17
Lincoln,2012-2016,0.18
Lincoln,2013-2017,0.13
Lincoln,2014-2018,0.11
Livingston,2005-2009,S
Livingston,2006-2010,S
Livingston,2007-2011,S
Livingston,2008-2012,S
Livingston,2009-2013,S
Livingston,2010-2014,S
Livingston,2011-2015,S
Livingston,2012-2016,S
Livingston,2013-2017,S
Livingston,2014-2018,S
Logan,2005-2009,0.1
Logan,2006-2010,0.15
Logan,2007-2011,0.17
Logan,2008-2012,0.19
Logan,2009-2013,0.22
Logan,2010-2014,0.21
Logan,2011-2015,0.14
Logan,2012-2016,0.1
Logan,2013-2017,0.09
Logan,2014-2018,0.1
Lyon,2005-2009,S
Lyon,2006-2010,S
Lyon,2007-2011,0.21
Lyon,2008-2012,0.22
Lyon,2009-2013,0.21
Lyon,2010-2014,0.14
Lyon,2011-2015,0.11
Lyon,2012-2016,S
Lyon,2013-2017,S
Lyon,2014-2018,S
McCracken,2005-2009,0.12
McCracken,2006-2010,0.11
McCracken,2007-2011,0.1
McCracken,2008-2012,0.11
McCracken,2009-2013,0.11
McCracken,2010-2014,0.14
McCracken,2011-2015,0.13
McCracken,2012-2016,0.15
McCracken,2013-2017,0.12
McCracken,2014-2018,0.12
McCreary,2005-2009,0.2
McCreary,2006-2010,0.16
McCreary,2007-2011,0.12
McCreary,2008-2012,0.18
McCreary,2009-2013,0.19
McCreary,2010-2014,0.25
McCreary,2011-2015,0.31
McCreary,2012-2016,0.33
McCreary,2013-2017,0.31
McCreary,2014-2018,0.26
McLean,2005-2009,0.12
McLean,2006-2010,0.13
McLean,2007-2011,0.15
McLean,2008-2012,0.17
McLean,2009-2013,0.12
McLean,2010-2014,0.13
McLean,2011-2015,0.15
McLean,2012-2016,0.1
McLean,2013-2017,0.14
McLean,2014-2018,0.14
Madison,2005-2009,0.09
Madison,2006-2010,0.09
Madison,2007-2011,0.09
Madison,2008-2012,0.08
Madison,2009-2013,0.1
Madison,2010-2014,0.09
Madison,2011-2015,0.09
Madison,2012-2016,0.08
Madison,2013-2017,0.07
Madison,2014-2018,0.07
Magoffin,2005-2009,0.25
Magoffin,2006-2010,0.24
Magoffin,2007-2011,0.26
Magoffin,2008-2012,0.29
Magoffin,2009-2013,0.22
Magoffin,2010-2014,0.21
Magoffin,2011-2015,0.2
Magoffin,2012-2016,0.24
Magoffin,2013-2017,0.22
Magoffin,2014-2018,0.2
Marion,2005-2009,0.17
Marion,2006-2010,0.15
Marion,2007-2011,0.15
Marion,2008-2012,0.17
Marion,2009-2013,0.17
Marion,2010-2014,0.15
Marion,2011-2015,0.16
Marion,2012-2016,0.12
Marion,2013-2017,0.09
Marion,2014-2018,0.1
Marshall,2005-2009,0.07
Marshall,2006-2010,0.07
Marshall,2007-2011,0.09
Marshall,2008-2012,S
Marshall,2009-2013,0.09
Marshall,2010-2014,0.09
Marshall,2011-2015,0.08
Marshall,2012-2016,0.07
Marshall,2013-2017,0.06
Marshall,2014-2018,0.07
Martin,2005-2009,0.29
Martin,2006-2010,0.21
Martin,2007-2011,0.25
Martin,2008-2012,0.21
Martin,2009-2013,0.25
Martin,2010-2014,0.25
Martin,2011-2015,0.21
Martin,2012-2016,0.16
Martin,2013-2017,0.21
Martin,2014-2018,0.14
Mason,2005-2009,0.1
Mason,2006-2010,0.11
Mason,2007-2011,0.1
Mason,2008-2012,0.11
Mason,2009-2013,0.12
Mason,2010-2014,0.13
Mason,2011-2015,0.08
Mason,2012-2016,0.08
Mason,2013-2017,0.12
Mason,2014-2018,0.11
Meade,2005-2009,0.07
Meade,2006-2010,0.05
Meade,2007-2011,0.08
Meade,2008-2012,0.09
Meade,2009-2013,0.11
Meade,2010-2014,0.1
Meade,2011-2015,0.11
Meade,2012-2016,0.1
Meade,2013-2017,0.09
Meade,2014-2018,0.09
Menifee,2005-2009,0.11
Menifee,2006-2010,S
Menifee,2007-2011,0.32
Menifee,2008-2012,0.34
Menifee,2009-2013,0.29
Menifee,2010-2014,0.32
Menifee,2011-2015,0.33
Menifee,2012-2016,0.3
Menifee,2013-2017,0.24
Menifee,2014-2018,0.22
Mercer,2005-2009,S
Mercer,2006-2010,S
Mercer,2007-2011,0.08
Mercer,2008-2012,0.14
Mercer,2009-2013,0.12
Mercer,2010-2014,0.13
Mercer,2011-2015,0.14
Mercer,2012-2016,0.12
Mercer,2013-2017,0.07
Mercer,2014-2018,0.08
Metcalfe,2005-2009,0.1
Metcalfe,2006-2010,0.11
Metcalfe,2007-2011,0.15
Metcalfe,2008-2012,0.1
Metcalfe,2009-2013,0.09
Metcalfe,2010-2014,0.12
Metcalfe,2011-2015,0.14
Metcalfe,2012-2016,0.12
Metcalfe,2013-2017,0.11
Metcalfe,2014-2018,S
Monroe,2005-2009,0.26
Monroe,2006-2010,0.27
Monroe,2007-2011,0.24
Monroe,2008-2012,0.15
Monroe,2009-2013,0.18
Monroe,2010-2014,0.23
Monroe,2011-2015,0.19
Monroe,2012-2016,0.19
Monroe,2013-2017,0.21
Monroe,2014-2018,0.19
Montgomery,2005-2009,0.13
Montgomery,2006-2010,0.16
Montgomery,2007-2011,0.17
Montgomery,2008-2012,0.18
Montgomery,2009-2013,0.19
Montgomery,2010-2014,0.16
Montgomery,2011-2015,0.13
Montgomery,2012-2016,0.12
Montgomery,2013-2017,0.09
Montgomery,2014-2018,0.08
Morgan,2005-2009,0.21
Morgan,2006-2010,0.2
Morgan,2007-2011,0.19
Morgan,2008-2012,0.21
Morgan,2009-2013,0.18
Morgan,2010-2014,0.17
Morgan,2011-2015,0.17
Morgan,2012-2016,0.18
Morgan,2013-2017,0.18
Morgan,2014-2018,0.16
Muhlenberg,2005-2009,0.13
Muhlenberg,2006-2010,0.14
Muhlenberg,2007-2011,0.16
Muhlenberg,2008-2012,0.17
Muhlenberg,2009-2013,0.17
Muhlenberg,2010-2014,0.16
Muhlenberg,2011-2015,0.14
Muhlenberg,2012-2016,0.11
Muhlenberg,2013-2017,0.12
Muhlenberg,2014-2018,0.09
Nelson,2005-2009,0.08
Nelson,2006-2010,0.11
Nelson,2007-2011,0.13
Nelson,2008-2012,0.15
Nelson,2009-2013,0.14
Nelson,2010-2014,0.15
Nelson,2011-2015,0.14
Nelson,2012-2016,0.09
Nelson,2013-2017,0.08
Nelson,2014-2018,0.08
Nicholas,2005-2009,0.2
Nicholas,2006-2010,S
Nicholas,2007-2011,S
Nicholas,2008-2012,S
Nicholas,2009-2013,S
Nicholas,2010-2014,S
Nicholas,2011-2015,S
Nicholas,2012-2016,S
Nicholas,2013-2017,0.2
Nicholas,2014-2018,0.11
Ohio,2005-2009,0.14
Ohio,2006-2010,0.14
Ohio,2007-2011,0.19
Ohio,2008-2012,0.2
Ohio,2009-2013,0.17
Ohio,2010-2014,0.19
Ohio,2011-2015,0.18
Ohio,2012-2016,0.15
Ohio,2013-2017,0.14
Ohio,2014-2018,0.18
Oldham,2005-2009,0.02
Oldham,2006-2010,0.03
Oldham,2007-2011,0.03
Oldham,2008-2012,0.03
Oldham,2009-2013,0.03
Oldham,2010-2014,0.03
Oldham,2011-2015,0.02
Oldham,2012-2016,0.03
Oldham,2013-2017,0.03
Oldham,2014-2018,0.03
Owen,2005-2009,S
Owen,2006-2010,S
Owen,2007-2011,S
Owen,2008-2012,S
Owen,2009-2013,0.11
Owen,2010-2014,S
Owen,2011-2015,S
Owen,2012-2016,0.1
Owen,2013-2017,S
Owen,2014-2018,0.15
Owsley,2005-2009,0.26
Owsley,2006-2010,0.29
Owsley,2007-2011,S
Owsley,2008-2012,S
Owsley,2009-2013,S
Owsley,2010-2014,0.2
Owsley,2011-2015,S
Owsley,2012-2016,0.13
Owsley,2013-2017,S
Owsley,2014-2018,S
Pendleton,2005-2009,0.17
Pendleton,2006-2010,0.18
Pendleton,2007-2011,0.19
Pendleton,2008-2012,0.17
Pendleton,2009-2013,0.09
Pendleton,2010-2014,0.07
Pendleton,2011-2015,0.11
Pendleton,2012-2016,0.09
Pendleton,2013-2017,0.1
Pendleton,2014-2018,0.13
Perry,2005-2009,0.15
Perry,2006-2010,0.22
Perry,2007-2011,0.19
Perry,2008-2012,0.2
Perry,2009-2013,0.19
Perry,2010-2014,0.21
Perry,2011-2015,0.15
Perry,2012-2016,0.15
Perry,2013-2017,0.14
Perry,2014-2018,0.16
Pike,2005-2009,0.1
Pike,2006-2010,0.12
Pike,2007-2011,0.13
Pike,2008-2012,0.15
Pike,2009-2013,0.14
Pike,2010-2014,0.15
Pike,2011-2015,0.12
Pike,2012-2016,0.16
Pike,2013-2017,0.19
Pike,2014-2018,0.18
Powell,2005-2009,0.16
Powell,2006-2010,0.18
Powell,2007-2011,0.2
Powell,2008-2012,0.24
Powell,2009-2013,0.21
Powell,2010-2014,0.11
Powell,2011-2015,0.11
Powell,2012-2016,0.12
Powell,2013-2017,0.1
Powell,2014-2018,0.14
Pulaski,2005-2009,0.15
Pulaski,2006-2010,0.13
Pulaski,2007-2011,0.16
Pulaski,2008-2012,0.16
Pulaski,2009-2013,0.17
Pulaski,2010-2014,0.19
Pulaski,2011-2015,0.21
Pulaski,2012-2016,0.19
Pulaski,2013-2017,0.18
Pulaski,2014-2018,0.15
Robertson,2005-2009,S
Robertson,2006-2010,S
Robertson,2007-2011,0.31
Robertson,2008-2012,0.29
Robertson,2009-2013,0.3
Robertson,2010-2014,0.39
Robertson,2011-2015,S
Robertson,2012-2016,S
Robertson,2013-2017,0.23
Robertson,2014-2018,0.25
Rockcastle,2005-2009,0.22
Rockcastle,2006-2010,0.19
Rockcastle,2007-2011,0.21
Rockcastle,2008-2012,0.18
Rockcastle,2009-2013,0.19
Rockcastle,2010-2014,0.18
Rockcastle,2011-2015,0.17
Rockcastle,2012-2016,0.16
Rockcastle,2013-2017,0.15
Rockcastle,2014-2018,0.11
Rowan,2005-2009,0.18
Rowan,2006-2010,0.15
Rowan,2007-2011,0.15
Rowan,2008-2012,0.14
Rowan,2009-2013,0.13
Rowan,2010-2014,0.12
Rowan,2011-2015,0.13
Rowan,2012-2016,0.14
Rowan,2013-2017,0.1
Rowan,2014-2018,0.1
Russell,2005-2009,0.17
Russell,2006-2010,0.12
Russell,2007-2011,0.13
Russell,2008-2012,0.15
Russell,2009-2013,0.17
Russell,2010-2014,0.19
Russell,2011-2015,0.18
Russell,2012-2016,0.17
Russell,2013-2017,0.15
Russell,2014-2018,0.13
Scott,2005-2009,0.08
Scott,2006-2010,0.09
Scott,2007-2011,0.1
Scott,2008-2012,0.09
Scott,2009-2013,0.09
Scott,2010-2014,0.06
Scott,2011-2015,0.07
Scott,2012-2016,0.05
Scott,2013-2017,0.05
Scott,2014-2018,0.07
Shelby,2005-2009,0.06
Shelby,2006-2010,0.06
Shelby,2007-2011,0.07
Shelby,2008-2012,0.04
Shelby,2009-2013,0.06
Shelby,2010-2014,0.06
Shelby,2011-2015,0.08
Shelby,2012-2016,0.09
Shelby,2013-2017,0.1
Shelby,2014-2018,0.08
Simpson,2005-2009,S
Simpson,2006-2010,S
Simpson,2007-2011,S
Simpson,2008-2012,S
Simpson,2009-2013,0.11
Simpson,2010-2014,0.11
Simpson,2011-2015,S
Simpson,2012-2016,S
Simpson,2013-2017,S
Simpson,2014-2018,S
Spencer,2005-2009,S
Spencer,2006-2010,S
Spencer,2007-2011,S
Spencer,2008-2012,0.03
Spencer,2009-2013,S
Spencer,2010-2014,0.04
Spencer,2011-2015,S
Spencer,2012-2016,0.07
Spencer,2013-2017,S
Spencer,2014-2018,S
Taylor,2005-2009,0.17
Taylor,2006-2010,0.21
Taylor,2007-2011,0.19
Taylor,2008-2012,0.21
Taylor,2009-2013,0.17
Taylor,2010-2014,0.14
Taylor,2011-2015,0.14
Taylor,2012-2016,0.17
Taylor,2013-2017,0.15
Taylor,2014-2018,0.15
Todd,2005-2009,0.08
Todd,2006-2010,0.1
Todd,2007-2011,S
Todd,2008-2012,0.07
Todd,2009-2013,0.07
Todd,2010-2014,0.06
Todd,2011-2015,0.05
Todd,2012-2016,0.05
Todd,2013-2017,0.08
Todd,2014-2018,0.06
Trigg,2005-2009,0.13
Trigg,2006-2010,0.09
Trigg,2007-2011,0.11
Trigg,2008-2012,0.06
Trigg,2009-2013,0.04
Trigg,2010-2014,S
Trigg,2011-2015,S
Trigg,2012-2016,S
Trigg,2013-2017,S
Trigg,2014-2018,S
Trimble,2005-2009,0.11
Trimble,2006-2010,0.11
Trimble,2007-2011,0.08
Trimble,2008-2012,0.08
Trimble,2009-2013,0.11
Trimble,2010-2014,S
Trimble,2011-2015,S
Trimble,2012-2016,S
Trimble,2013-2017,S
Trimble,2014-2018,S
Union,2005-2009,0.13
Union,2006-2010,0.11
Union,2007-2011,0.14
Union,2008-2012,0.11
Union,2009-2013,0.13
Union,2010-2014,0.15
Union,2011-2015,0.13
Union,2012-2016,0.09
Union,2013-2017,0.12
Union,2014-2018,0.1
Warren,2005-2009,0.09
Warren,2006-2010,0.1
Warren,2007-2011,0.1
Warren,2008-2012,0.11
Warren,2009-2013,0.1
Warren,2010-2014,0.11
Warren,2011-2015,0.1
Warren,2012-2016,0.1
Warren,2013-2017,0.08
Warren,2014-2018,0.06
Washington,2005-2009,0.11
Washington,2006-2010,S
Washington,2007-2011,0.07
Washington,2008-2012,0.06
Washington,2009-2013,0.08
Washington,2010-2014,0.09
Washington,2011-2015,0.09
Washington,2012-2016,0.05
Washington,2013-2017,S
Washington,2014-2018,S
Wayne,2005-2009,0.12
Wayne,2006-2010,0.15
Wayne,2007-2011,0.22
Wayne,2008-2012,0.21
Wayne,2009-2013,0.2
Wayne,2010-2014,0.19
Wayne,2011-2015,0.24
Wayne,2012-2016,0.17
Wayne,2013-2017,0.13
Wayne,2014-2018,0.17
Webster,2005-2009,0.1
Webster,2006-2010,0.1
Webster,2007-2011,0.08
Webster,2008-2012,0.09
Webster,2009-2013,0.07
Webster,2010-2014,0.07
Webster,2011-2015,0.08
Webster,2012-2016,0.08
Webster,2013-2017,0.09
Webster,2014-2018,0.08
Whitley,2005-2009,0.17
Whitley,2006-2010,0.17
Whitley,2007-2011,0.15
Whitley,2008-2012,0.14
Whitley,2009-2013,0.12
Whitley,2010-2014,0.13
Whitley,2011-2015,0.19
Whitley,2012-2016,0.2
Whitley,2013-2017,0.19
Whitley,2014-2018,0.21
Wolfe,2005-2009,0.45
Wolfe,2006-2010,0.44
Wolfe,2007-2011,0.47
Wolfe,2008-2012,0.46
Wolfe,2009-2013,0.36
Wolfe,2010-2014,0.41
Wolfe,2011-2015,0.38
Wolfe,2012-2016,0.35
Wolfe,2013-2017,0.23
Wolfe,2014-2018,0.27
Woodford,2005-2009,0.09
Woodford,2006-2010,0.11
Woodford,2007-2011,0.11
Woodford,2008-2012,0.11
Woodford,2009-2013,0.12
Woodford,2010-2014,0.07
Woodford,2011-2015,0.08
Woodford,2012-2016,0.12
Woodford,2013-2017,0.12
Woodford,2014-2018,0.11